"id","YCoordinate","XCoordinate","elevation","slope","aspect","region","country","geometry","area","map_class"
431,14.0371400383728,104.177895239575,93,0.00596667132114561,4.135228962114,"Siemréab","Cambodia","points",1,"Deforestation crops"
179,14.05291701435,104.695449646326,67,0.00557236321280765,3.69251404848829,"Preah Vihéar","Cambodia","points",1,"Deforestation other"
164,13.7018765575159,103.800702370332,66,0.0064861572802201,4.21056072258496,"Siemréab","Cambodia","points",1,"Deforestation rubber"
400,11.0069662620448,103.684675460947,13,0.00608828520178149,4.96000376987396,"Kaôh Kong","Cambodia","points",1,"Enhancement"
42,13.4689798647187,102.669634570012,37,0.00208280807377743,1.63597339219221,"Batdâmbâng","Cambodia","points",1,"Enhancement"
67,12.8341364835473,105.307835107653,81,0.00149859466371408,3.2339447159973,"Kâmpóng Thum","Cambodia","points",1,"Forest stable"
594,13.3747731955887,104.93144449789,107,0.0250825058361885,4.37625356212617,"Preah Vihéar","Cambodia","points",1,"Forest stable"
903,14.3022987718039,104.961403721059,103,0.0450958837286756,4.4227763530718,"Preah Vihéar","Cambodia","points",1,"Forest stable"
153,10.6877970837509,103.583900277773,103,0.00838880575377454,2.5124482692284,"Krong Preah Sihanouk","Cambodia","points",1,"Management"
